{
  "config": {
    "llm_provider": "openai",
    "llm_model": "gpt-4o-mini",
    "tickers": [
      "AAPL",
      "AMD",
      "AMZN",
      "COST",
      "GOOGL",
      "META",
      "MSFT",
      "NFLX",
      "NVDA",
      "TSLA"
    ],
    "total_steps": 250000,
    "threshold_tau": 0.4,
    "alpha": 0.05,
    "seeds": [
      42,
      43,
      44,
      45,
      46,
      47,
      48,
      49,
      50,
      51
    ],
    "n_seeds": 10,
    "n_signals": 55360
  },
  "aggregated": {
    "ppo": {
      "cumret": {
        "mean": 0.43937232857673736,
        "std": 0.32179794932330347,
        "values": [
          0.9320837435507048,
          0.018202575237767537,
          0.29320967697256267,
          0.4577255432072913,
          0.8485051810884547,
          0.4320962618055658,
          0.4773655212539546,
          -0.11303471903280356,
          0.49340510504276724,
          0.5541643966411084
        ]
      },
      "rachev": {
        "mean": 0.9445490830947548,
        "std": 0.040034454344810004,
        "values": [
          0.9433074803681278,
          0.8592309145809357,
          0.932641713306322,
          0.9584309280943937,
          0.9844718012046721,
          0.98670586569492,
          0.9125556858686477,
          0.9301619334745129,
          0.9464858909159928,
          0.9914986174390247
        ]
      },
      "mdd": {
        "mean": -0.27954885244946304,
        "std": 0.09315843009507056,
        "values": [
          -0.23728599262966615,
          -0.24286393811390403,
          -0.1606366029489927,
          -0.2602754539921942,
          -0.29092844211710106,
          -0.2574080120414763,
          -0.3226205582186141,
          -0.49823929884441653,
          -0.3318575149621698,
          -0.1933727106260956
        ]
      },
      "outbear": {
        "mean": 0.5058,
        "std": 0.004263540521418532,
        "values": [
          0.51,
          0.502,
          0.506,
          0.504,
          0.512,
          0.5,
          0.506,
          0.512,
          0.502,
          0.504
        ]
      },
      "mean_a": {
        "mean": 0.7881904780864716,
        "std": 0.08331711891283582,
        "values": [
          0.8805524110794067,
          0.7355858087539673,
          0.8899848461151123,
          0.8661826848983765,
          0.8095091581344604,
          0.7141434550285339,
          0.8409174084663391,
          0.7285036444664001,
          0.6387075781822205,
          0.7778177857398987
        ]
      },
      "gate_rate": {
        "mean": 0.0,
        "std": 0.0,
        "values": [
          0.0,
          0.0,
          0.0,
          0.0,
          0.0,
          0.0,
          0.0,
          0.0,
          0.0,
          0.0
        ]
      }
    },
    "cppo": {
      "cumret": {
        "mean": 0.6202810184612385,
        "std": 0.37643015605565666,
        "values": [
          0.542988749385939,
          1.0048158929573516,
          0.6091340733027495,
          0.7464703485439238,
          0.3475233531281699,
          1.2755325795044736,
          0.09270168878994813,
          0.7639393737808196,
          0.08265328495411575,
          0.7370508402648936
        ]
      },
      "rachev": {
        "mean": 0.9608567755443843,
        "std": 0.06135397244684752,
        "values": [
          0.9242161431272674,
          0.9565010650949675,
          0.9270719305070958,
          0.9688481843748368,
          0.9226077534115937,
          0.9493420141808793,
          0.9069584937637359,
          0.930748407668861,
          1.114954571620263,
          1.0073191916943436
        ]
      },
      "mdd": {
        "mean": -0.3040571472633654,
        "std": 0.08394862964999417,
        "values": [
          -0.183493727372408,
          -0.30564956153930933,
          -0.3038255236877003,
          -0.16379133306168397,
          -0.32772581188963673,
          -0.3368742781164404,
          -0.44642143586897537,
          -0.38210132874279384,
          -0.31843364028460847,
          -0.27225483207009704
        ]
      },
      "outbear": {
        "mean": 0.4998,
        "std": 0.009065195959149362,
        "values": [
          0.498,
          0.494,
          0.508,
          0.508,
          0.514,
          0.498,
          0.496,
          0.506,
          0.484,
          0.492
        ]
      },
      "mean_a": {
        "mean": 0.7938129365444183,
        "std": 0.04477890379168688,
        "values": [
          0.7263402938842773,
          0.7926079034805298,
          0.8773514628410339,
          0.8316197395324707,
          0.784302294254303,
          0.8106729388237,
          0.7420415878295898,
          0.8161661028862,
          0.7554754018783569,
          0.8015516400337219
        ]
      },
      "gate_rate": {
        "mean": 0.0,
        "std": 0.0,
        "values": [
          0.0,
          0.0,
          0.0,
          0.0,
          0.0,
          0.0,
          0.0,
          0.0,
          0.0,
          0.0
        ]
      }
    },
    "ug_cppo": {
      "cumret": {
        "mean": 0.3598874484783724,
        "std": 0.3869559022327201,
        "values": [
          1.0372654401512165,
          0.28042904119315043,
          0.3326132495240781,
          0.44744515974193627,
          0.13806997920953412,
          0.24155414816461107,
          -0.15800174819397508,
          0.0661323635826942,
          0.19770575069437107,
          1.0156611007161072
        ]
      },
      "rachev": {
        "mean": 0.9407097804164948,
        "std": 0.04315990092235128,
        "values": [
          0.93955277610282,
          0.8691010142478324,
          0.9283100383358929,
          0.9440969718195434,
          0.9940482405282498,
          1.010356791926748,
          0.9366936435487461,
          0.9058187206898525,
          0.9039314799835515,
          0.9751881269817112
        ]
      },
      "mdd": {
        "mean": -0.3146672031336623,
        "std": 0.10530539290414592,
        "values": [
          -0.2951605609816916,
          -0.24645975276682633,
          -0.3911514578206243,
          -0.1584676082120885,
          -0.2700328840596975,
          -0.2513670978016599,
          -0.4714328673350991,
          -0.40134322091607144,
          -0.444481854544998,
          -0.21677472689786656
        ]
      },
      "outbear": {
        "mean": 0.5029999999999999,
        "std": 0.007378647873726225,
        "values": [
          0.51,
          0.504,
          0.494,
          0.502,
          0.498,
          0.5,
          0.514,
          0.512,
          0.492,
          0.504
        ]
      },
      "mean_a": {
        "mean": 0.8069868743419647,
        "std": 0.0675651533301887,
        "values": [
          0.8927540183067322,
          0.8890004754066467,
          0.8440432548522949,
          0.7265505194664001,
          0.742957353591919,
          0.7471249103546143,
          0.8093276023864746,
          0.7733689546585083,
          0.7521290183067322,
          0.892612636089325
        ]
      },
      "gate_rate": {
        "mean": 0.34216388225934763,
        "std": 0.0,
        "values": [
          0.34216388225934763,
          0.34216388225934763,
          0.34216388225934763,
          0.34216388225934763,
          0.34216388225934763,
          0.34216388225934763,
          0.34216388225934763,
          0.34216388225934763,
          0.34216388225934763,
          0.34216388225934763
        ]
      }
    }
  }
}